{"stats":{"minecraft:custom":{"minecraft:time_since_rest":126,"minecraft:crouch_one_cm":323,"minecraft:play_one_minute":38174,"minecraft:sprint_one_cm":3140,"minecraft:deaths":2,"minecraft:walk_one_cm":69870,"minecraft:sneak_time":754,"minecraft:mob_kills":3,"minecraft:jump":87,"minecraft:damage_dealt":610,"minecraft:leave_game":4,"minecraft:time_since_death":103,"minecraft:interact_with_crafting_table":1,"minecraft:fly_one_cm":246089,"minecraft:inspect_dispenser":2},"minecraft:picked_up":{"minecraft:lead":1},"minecraft:crafted":{"minecraft:firework_star":1},"minecraft:killed":{"minecraft:trader_llama":2,"minecraft:wandering_trader":1},"minecraft:used":{"minecraft:redstone_torch":40,"minecraft:netherite_sword":9,"minecraft:jungle_wood":56,"minecraft:lever":8,"minecraft:repeater":15,"minecraft:redstone_lamp":10,"minecraft:firework_rocket":5,"minecraft:crafting_table":1,"minecraft:light_blue_wool":43,"minecraft:dispenser":1,"minecraft:redstone":338,"minecraft:oak_sign":9,"minecraft:sandstone":2,"minecraft:pink_wool":365}},"DataVersion":2586}